player,runs,balls_faced,fours,sixes,wickets,balls_bowled,runs_given,strike_rate,economy_rate,batting_points,bowling_points,total_points
DA Warner,6567,4849,663,236,0,2,2,135.4299855640338,6.0,7714,0,7714
TS Mills,8,14,0,1,11,218,349,57.14285714285714,9.605504587155965,10,277,287
S Dhawan,6769,5483,768,153,4,49,72,123.45431333211744,8.816326530612246,7855,100,7955
A Choudhary,25,20,1,1,5,108,144,125.0,8.0,32,131,163
MC Henriques,1000,801,87,28,46,979,1302,124.84394506866415,7.979570990806946,1155,1156,2311
YS Chahal,37,89,0,0,213,3628,4681,41.57303370786517,7.741455347298787,35,5331,5366
S Aravind,59,59,7,0,48,788,1057,100.0,8.048223350253807,72,1204,1276
SR Watson,3880,2892,377,190,107,2137,2742,134.1632088520055,7.698642957416939,4649,2681,7330
TM Head,772,458,76,40,3,58,113,168.5589519650655,11.689655172413794,942,69,1011
STR Binny,880,700,66,35,28,611,763,125.71428571428572,7.4926350245499185,1028,706,1734
Yuvraj Singh,2754,2207,218,149,39,882,1091,124.78477571363842,7.421768707482993,3282,981,4263
DJ Hooda,1466,1170,96,61,10,384,535,125.2991452991453,8.359375,1696,254,1950
BCJ Cutting,238,146,15,19,12,288,430,163.013698630137,8.958333333333334,305,304,609
CH Gayle,4997,3516,408,359,19,584,755,142.1217292377702,7.756849315068494,6137,481,6618
A Nehra,41,63,3,1,121,1974,2537,65.07936507936508,7.711246200607903,46,3031,3077
Mandeep Singh,1706,1418,176,38,0,12,26,120.31029619181946,13.0,1970,0,1970
B Kumar,306,338,30,3,195,4060,5051,90.53254437869822,7.464532019704434,350,4881,5231
Rashid Khan,545,355,39,38,157,2901,3340,153.52112676056336,6.907962771458118,674,3933,4607
KM Jadhav,1208,1012,102,40,0,0,0,119.36758893280631,,1400,0,1400
Sachin Baby,144,123,11,5,3,10,8,117.07317073170732,4.8,175,75,250
Bipul Sharma,187,124,11,9,22,436,581,150.80645161290323,7.995412844036696,230,556,786
PA Patel,2848,2442,365,49,0,0,0,116.62571662571663,,3321,0,3321
AB Dinda,26,50,2,0,82,1589,2103,52.0,7.940843297671492,28,2056,2084
JC Buttler,3583,2519,356,161,0,0,0,142.23898372369987,,4275,0,4275
DL Chahar,80,61,2,6,79,1746,2243,131.14754098360655,7.707903780068729,102,1981,2083
BA Stokes,935,718,81,32,31,723,1023,130.22284122562675,8.489626556016598,1092,779,1871
Imran Tahir,33,37,5,0,86,1340,1729,89.1891891891892,7.741791044776119,38,2156,2194
RG Sharma,6630,5183,599,281,16,349,462,127.91819409608335,7.94269340974212,7803,406,8209
N Rana,2636,2015,234,132,10,185,253,130.81885856079404,8.205405405405406,3146,254,3400
AT Rayudu,4348,3490,359,173,0,0,0,124.58452722063038,,5065,0,5065
A Zampa,15,25,1,0,30,425,562,60.0,7.934117647058824,16,756,772
R Bhatia,342,290,24,13,82,1661,2059,117.9310344827586,7.437688139674895,402,2056,2458
KH Pandya,1647,1287,144,61,80,2183,2644,127.97202797202796,7.267063673843335,1925,2006,3931
KA Pollard,3437,2447,221,224,81,1586,2200,140.45770331017573,8.32282471626734,4120,2029,6149
HH Pandya,2534,1814,189,137,70,1485,2196,139.69128996692393,8.872727272727273,3009,1754,4763
TG Southee,120,108,8,4,57,1262,1774,111.11111111111111,8.434231378763867,146,1429,1575
AM Rahane,4642,3858,479,103,1,6,5,120.32141005702437,5.0,5339,25,5364
MA Agarwal,2669,2081,265,98,0,0,0,128.25564632388276,,3142,0,3142
MJ McClenaghan,85,73,5,7,75,1346,1839,116.43835616438356,8.197622585438335,110,1879,1989
SPD Smith,2495,1999,226,60,0,2,5,124.81240620310156,15.0,2853,0,2853
JJ Bumrah,68,80,5,1,182,3185,3840,85.0,7.233908948194662,79,4556,4635
MS Dhoni,5243,3947,363,252,0,0,0,132.8350646060299,,6122,0,6122
JJ Roy,614,460,75,21,0,0,0,133.47826086956522,,743,0,743
TA Boult,83,82,5,3,128,2428,3286,101.21951219512196,8.120263591433279,100,3204,3304
BB McCullum,2882,2272,293,130,0,0,0,126.84859154929578,,3447,0,3447
PP Chawla,624,580,56,20,201,3895,5179,107.58620689655172,7.977920410783056,730,5031,5761
SP Narine,1534,984,164,97,200,4146,4672,155.8943089430894,6.761215629522432,1906,5008,6914
SK Raina,5536,4177,506,204,30,930,1139,132.53531242518554,7.348387096774194,6462,756,7218
CR Woakes,78,77,7,2,31,463,674,101.29870129870127,8.734341252699783,95,779,874
Kuldeep Yadav,183,224,16,3,90,1786,2413,81.69642857142857,8.106382978723405,213,2254,2467
AJ Finch,2092,1696,214,78,1,44,67,123.34905660377358,9.136363636363637,2474,19,2493
YK Pathan,3222,2334,263,161,46,1184,1443,138.04627249357327,7.3125,3819,1156,4975
KD Karthik,4843,3687,466,161,0,0,0,131.35340385136968,,5643,0,5643
G Gambhir,4217,3524,492,59,0,0,0,119.66515323496029,,4837,0,4837
P Kumar,340,323,22,17,102,2637,3342,105.26315789473684,7.604095563139932,406,2556,2962
CA Lynn,1329,974,132,66,0,0,0,136.4476386036961,,1605,0,1605
DS Kulkarni,104,113,7,2,91,1876,2513,92.03539823008848,8.03731343283582,123,2279,2402
MS Gony,99,76,6,8,39,925,1317,130.26315789473685,8.542702702702703,129,979,1108
S Kaushik,0,1,0,0,6,210,304,0.0,8.685714285714285,-3,154,151
DR Smith,2385,1803,245,117,27,557,825,132.27953410981698,8.88689407540395,2876,679,3555
SB Jakati,28,30,3,0,50,1101,1474,93.33333333333331,8.032697547683924,31,1254,1285
Sandeep Sharma,54,73,4,0,153,2925,3758,73.97260273972603,7.708717948717949,62,3831,3893
MM Sharma,124,137,9,4,147,2308,3278,90.51094890510949,8.52166377816291,149,3679,3828
AR Patel,1653,1318,107,79,131,3152,3824,125.41729893778452,7.279187817258883,1930,3281,5211
T Natarajan,3,5,0,0,76,1401,2001,60.0,8.569593147751606,3,1904,1907
MP Stoinis,1866,1366,150,91,45,831,1300,136.60322108345534,9.386281588447654,2210,1127,3337
Swapnil Singh,51,46,3,3,7,165,241,110.86956521739133,8.763636363636364,66,179,245
MK Tiwary,1695,1489,156,40,1,45,83,113.83478844862324,11.066666666666666,1941,19,1960
DT Christian,460,408,23,19,40,922,1218,112.74509803921568,7.926247288503254,531,1006,1537
HM Amla,577,418,60,21,0,0,0,138.03827751196172,,691,0,691
M Vohra,1083,863,104,43,0,0,0,125.49246813441484,,1285,0,1285
WP Saha,2934,2368,296,87,0,0,0,123.90202702702702,,3416,0,3416
RD Chahar,129,127,13,5,76,1697,2165,101.5748031496063,7.65468473777254,162,1906,2068
GJ Maxwell,2772,1842,233,160,41,965,1311,150.4885993485342,8.151295336787564,3339,1029,4368
DA Miller,2924,2171,207,134,0,0,0,134.68447719944726,,3411,0,3411
Z Khan,117,141,11,2,119,2276,2860,82.97872340425532,7.539543057996485,140,2981,3121
CH Morris,618,413,41,35,107,1801,2377,149.636803874092,7.91893392559689,743,2681,3424
PJ Cummins,515,359,33,34,66,1370,1976,143.4540389972145,8.654014598540146,630,1654,2284
S Nadeem,39,88,2,0,54,1444,1800,44.31818181818182,7.4792243767313025,39,1356,1395
A Mishra,381,440,31,5,183,3444,4193,86.5909090909091,7.304878048780488,430,4581,5011
CR Brathwaite,181,120,10,16,16,266,384,150.83333333333334,8.661654135338345,237,404,641
Vishnu Vinod,56,58,3,3,0,0,0,96.55172413793105,,69,0,69
Iqbal Abdulla,88,86,9,1,45,943,1125,102.32558139534883,7.158006362672323,105,1131,1236
P Negi,365,301,27,16,38,733,954,121.2624584717608,7.80900409276944,436,956,1392
AP Tare,339,285,40,11,0,0,0,118.94736842105264,,411,0,411
B Stanlake,5,2,1,0,7,150,200,250.0,8.0,6,181,187
SW Billings,503,399,40,20,0,0,0,126.06516290726816,,595,0,595
KK Nair,1496,1192,161,39,0,0,0,125.503355704698,,1747,0,1747
SV Samson,4419,3270,352,206,0,0,0,135.1376146788991,,5195,0,5195
RR Pant,3297,2296,298,154,0,0,0,143.59756097560975,,3917,0,3917
Basil Thampi,32,37,1,1,26,539,862,86.48648648648648,9.595547309833025,35,652,687
Tejas Baroka,0,0,0,0,0,21,33,,9.428571428571429,0,0,0
SL Malinga,88,103,6,5,188,2974,3486,85.43689320388349,7.032952252858103,108,4706,4814
RV Uthappa,4954,3927,481,182,0,0,0,126.15227909345556,,5811,0,5811
MK Pandey,3859,3288,335,111,0,0,0,117.3661800486618,,4426,0,4426
Harbhajan Singh,833,636,79,42,161,3496,4101,130.9748427672956,7.0383295194508015,1008,4031,5039
SA Yadav,3594,2522,385,130,0,6,8,142.50594766058683,8.0,4253,0,4253
AS Rajpoot,26,41,2,1,24,567,844,63.41463414634146,8.931216931216932,30,604,634
AB de Villiers,5181,3487,414,253,0,0,0,148.58044164037855,,6115,0,6115
VR Aaron,50,73,2,2,46,1065,1527,68.4931506849315,8.60281690140845,60,1154,1214
CJ Anderson,538,436,40,31,14,315,525,123.39449541284404,10.0,652,352,1004
F du Plessis,4571,3435,422,166,0,6,16,133.07132459970887,16.0,5337,0,5337
RA Tripathi,2236,1650,223,84,0,6,12,135.51515151515153,12.0,2639,0,2639
NV Ojha,1554,1360,121,79,0,0,0,114.26470588235291,,1843,0,1843
V Shankar,1115,890,80,45,12,258,344,125.2808988764045,8.0,1297,306,1603
Mustafizur Rahman,13,23,0,1,70,1353,1792,56.52173913043478,7.946784922394679,15,1756,1771
UT Yadav,208,211,16,9,163,3190,4442,98.5781990521327,8.354858934169279,250,4079,4329
C de Grandhomme,303,229,18,18,7,230,323,132.31441048034935,8.426086956521738,369,179,548
I Sharma,57,71,4,2,96,2429,3255,80.28169014084507,8.04034582132565,69,2404,2473
V Kohli,8014,6236,708,273,5,264,371,128.51186658114176,8.431818181818182,9280,129,9409
S Badree,13,25,0,0,11,263,329,52.0,7.505703422053232,13,281,294
AJ Tye,91,79,6,5,48,714,1005,115.18987341772151,8.445378151260504,113,1204,1317
RA Jadeja,2959,2378,215,107,169,3895,4917,124.4322960470984,7.574326059050064,3400,4231,7631
Ankit Sharma,87,69,7,4,12,375,453,126.08695652173914,7.248,110,306,416
SN Thakur,307,228,27,13,100,1979,2908,134.64912280701756,8.816574027286508,372,2504,2876
LH Ferguson,68,48,6,2,57,1002,1451,141.66666666666669,8.688622754491018,88,1429,1517
KC Cariappa,24,21,0,2,8,224,349,114.28571428571428,9.348214285714285,30,202,232
SS Iyer,3131,2545,272,113,0,6,7,123.02554027504912,7.0,3641,0,3641
EJG Morgan,1406,1181,112,64,0,0,0,119.05165114309906,,1656,0,1656
Ishan Kishan,2644,1991,255,119,0,0,0,132.79758915118032,,3149,0,3149
MM Patel,39,41,5,0,82,1382,1733,95.1219512195122,7.523878437047757,44,2056,2100
AF Milne,23,31,0,1,9,217,339,74.19354838709677,9.373271889400922,25,227,252
JD Unadkat,197,170,16,7,109,2194,3219,115.88235294117648,8.803099361896079,237,2729,2966
NM Coulter-Nile,82,75,7,4,52,892,1125,109.33333333333331,7.567264573991032,103,1306,1409
AD Mathews,724,599,44,29,28,807,1095,120.86811352253756,8.141263940520446,838,704,1542
Mohammed Shami,74,82,6,2,144,2521,3486,90.2439024390244,8.296707655692185,88,3604,3692
Mohammad Nabi,221,157,18,12,15,419,527,140.76433121019107,7.5465393794749405,277,381,658
BB Sran,10,14,0,0,20,516,767,71.42857142857143,8.918604651162791,10,504,514
S Kaul,20,36,1,0,63,1238,1772,55.55555555555556,8.588045234248789,21,1579,1600
J Yadav,40,38,2,1,9,398,447,105.26315789473684,6.738693467336684,46,233,279
KS Williamson,2132,1734,187,64,0,18,31,122.95271049596307,10.333333333333334,2459,0,2459
Mohammed Siraj,109,122,10,4,96,2081,2894,89.34426229508196,8.34406535319558,135,2404,2539
SE Marsh,2489,1913,269,78,0,0,0,130.10977522216413,,2926,0,2926
JP Faulkner,527,406,36,23,76,1287,1849,129.80295566502463,8.62004662004662,621,1904,2525
Shakib Al Hasan,795,665,73,21,71,1515,1864,119.54887218045114,7.3821782178217825,920,1781,2701
K Rabada,206,207,16,8,126,1907,2652,99.51690821256038,8.34399580492921,246,3154,3400
MG Johnson,167,168,10,7,66,1301,1740,99.40476190476193,8.024596464258263,199,1654,1853
Washington Sundar,378,341,32,9,39,1064,1335,110.85043988269794,7.5281954887218046,438,981,1419
SS Agarwal,0,0,0,0,1,24,42,,10.5,0,25,25
NB Singh,0,0,0,0,1,25,18,,4.319999999999999,0,25,25
AD Nath,90,99,7,2,0,0,0,90.9090909090909,,105,0,105
KV Sharma,351,306,20,17,82,1520,2130,114.70588235294116,8.407894736842104,415,2054,2469
DM Bravo,6,5,1,0,0,0,0,120.0,,7,0,7
Ankit Soni,7,9,0,1,4,112,145,77.77777777777779,7.767857142857142,9,102,111
AR Bawne,12,12,1,0,0,0,0,100.0,,13,0,13
SP Jackson,61,57,5,1,0,0,0,107.01754385964912,,74,0,74
Anureet Singh,36,47,2,1,21,430,636,76.59574468085107,8.874418604651162,40,529,569
MJ Guptill,271,197,24,15,0,0,0,137.56345177664974,,337,0,337
IK Pathan,1150,985,88,38,99,2113,2711,116.751269035533,7.698059630856601,1324,2481,3805
PJ Sangwan,26,47,1,0,44,905,1267,55.319148936170215,8.4,27,1104,1131
MN Samuels,161,174,9,7,10,219,285,92.52873563218392,7.808219178082192,192,256,448
LMP Simmons,1079,878,109,44,1,18,34,122.89293849658314,11.333333333333334,1288,25,1313
R Tewatia,1013,788,84,47,36,866,1117,128.55329949238578,7.739030023094688,1203,906,2109
MJ Henry,0,0,0,0,3,105,183,,10.457142857142856,0,69,69
SS Tiwary,1494,1291,111,50,0,0,0,115.72424477149497,,1715,0,1715
R Vinay Kumar,310,289,21,9,127,2186,3041,107.26643598615917,8.346752058554438,359,3179,3538
Avesh Khan,41,25,3,3,81,1390,2010,164.0,8.676258992805757,56,2029,2085
HV Patel,249,214,16,15,151,2284,3215,116.35514018691588,8.44570928196147,305,3779,4084
CJ Jordan,81,81,3,3,36,717,1111,100.0,9.297071129707112,96,902,998
IR Jaggi,76,100,6,0,0,0,0,76.0,,86,0,86
E Lewis,654,499,62,36,0,0,0,131.062124248497,,800,0,800
MA Wood,12,10,1,1,11,127,192,120.0,9.070866141732283,15,277,292
DJ Bravo,1560,1247,120,66,207,3296,4436,125.10024057738572,8.075242718446601,1824,5179,7003
M Markande,48,44,5,1,37,737,1081,109.09090909090908,8.800542740841248,57,929,986
C Munro,177,144,19,8,0,12,15,122.91666666666669,7.5,224,0,224
R Ashwin,800,698,61,28,198,4679,5435,114.61318051575932,6.969437914084206,927,4958,5885
Mujeeb Ur Rahman,12,15,2,0,20,452,598,80.0,7.938053097345133,14,506,520
KL Rahul,4689,3578,400,187,0,0,0,131.05086640581328,,5475,0,5475
Q de Kock,3160,2410,316,123,0,0,0,131.12033195020746,,3734,0,3734
AD Russell,2488,1515,171,209,125,1771,2691,164.22442244224422,9.116883116883116,3091,3127,6218
SN Khan,585,456,63,14,0,2,6,128.28947368421052,18.0,688,0,688
K Khejroliya,0,0,0,0,5,129,221,,10.27906976744186,0,127,127
RK Singh,893,654,67,46,0,0,0,136.54434250764527,,1064,0,1064
DJM Short,115,102,11,5,1,18,23,112.74509803921568,7.666666666666667,146,25,171
K Gowtham,247,159,15,17,22,599,825,155.34591194968556,8.263772954924875,310,554,864
S Gopal,180,173,19,2,53,1000,1358,104.04624277456648,8.148,213,1329,1542
B Laughlin,5,13,0,0,10,179,284,38.46153846153847,9.5195530726257,5,252,257
TK Curran,127,108,10,3,13,252,432,117.59259259259258,10.285714285714286,153,327,480
A Dananjaya,4,5,0,0,0,25,47,80.0,11.28,4,0,4
Shubman Gill,3216,2432,310,95,0,0,0,132.23684210526315,,3728,0,3728
Shivam Mavi,51,58,4,2,33,687,958,87.93103448275862,8.366812227074236,63,829,892
M Vijay,2619,2208,247,91,0,37,49,118.61413043478262,7.945945945945946,3058,-2,3056
H Klaasen,993,613,56,64,0,0,0,161.99021207177816,,1191,0,1191
RK Bhui,10,27,0,0,0,0,0,37.03703703703704,,6,0,6
JC Archer,199,132,11,14,49,987,1210,150.75757575757575,7.355623100303951,252,1231,1483
LE Plunkett,1,3,0,0,4,154,228,33.33333333333333,8.883116883116882,1,100,101
PP Shaw,1892,1321,238,61,0,0,0,143.22482967448903,,2266,0,2266
AD Hales,148,119,13,6,0,0,0,124.36974789915966,,185,0,185
IS Sodhi,7,18,0,0,9,182,204,38.88888888888889,6.725274725274725,7,233,240
MK Lomror,527,389,33,30,2,94,127,135.47557840616966,8.106382978723405,632,46,678
M Ashwin,35,50,2,1,35,898,1182,70.0,7.897550111358575,39,881,920
L Ngidi,0,0,0,0,28,342,460,,8.070175438596491,0,704,704
KM Asif,0,2,0,0,7,143,232,0.0,9.734265734265737,-3,177,174
JP Duminy,2029,1680,126,79,23,701,847,120.77380952380952,7.249643366619116,2325,581,2906
DJ Willey,53,64,7,0,7,221,277,82.8125,7.520361990950226,64,181,245
DR Shorey,13,20,0,1,0,0,0,65.0,,15,0,15
M Prasidh Krishna,9,24,0,0,54,1231,1741,37.5,8.48578391551584,5,1354,1359
MM Ali,1162,849,95,67,40,770,900,136.86690223792698,7.012987012987012,1403,1006,2409
P Chopra,8,6,2,0,0,0,0,133.33333333333331,,10,0,10
JPR Scantlebury-Searles,8,6,0,1,2,45,89,133.33333333333331,11.866666666666667,10,44,54
Abhishek Sharma,1377,925,128,73,11,278,396,148.86486486486484,8.546762589928058,1665,279,1944
S Lamichhane,0,1,0,0,14,211,297,0.0,8.445497630331754,-3,354,351
CJ Dala,0,0,0,0,0,19,34,,10.736842105263158,0,0,0
SP Goswami,293,307,32,3,0,0,0,95.43973941368078,,339,0,339
KK Ahmed,1,7,0,0,78,1345,1918,14.285714285714285,8.556133828996282,1,1954,1955
SO Hetmyer,1243,854,76,82,0,0,0,145.5503512880562,,1497,0,1497
S Dube,1502,1077,86,101,6,117,190,139.46146703806872,9.743589743589745,1802,152,1954
Navdeep Saini,33,38,3,0,26,682,968,86.8421052631579,8.516129032258064,36,654,690
JM Bairstow,1589,1132,166,69,0,0,0,140.37102473498234,,1907,0,1907
Rasikh Salam,40,40,5,0,9,207,341,100.0,9.884057971014492,47,227,274
CA Ingram,205,183,22,5,0,0,0,112.02185792349728,,247,0,247
KMA Paul,18,26,1,1,10,180,239,69.23076923076923,7.966666666666667,21,256,277
N Pooran,1769,1143,113,127,0,0,0,154.7681539807524,,2150,0,2150
SM Curran,883,673,74,37,62,1234,1924,131.2035661218425,9.354943273905995,1043,1552,2595
CV Varun,25,49,2,0,85,1624,2042,51.02040816326531,7.544334975369457,27,2131,2158
GC Viljoen,3,7,0,0,8,146,229,42.85714285714285,9.41095890410959,3,202,205
NS Naik,31,53,2,0,0,0,0,58.490566037735846,,33,0,33
GH Vihari,284,331,23,1,1,43,48,85.80060422960725,6.697674418604651,317,25,342
P Ray Barman,19,25,2,0,0,24,56,76.0,14.0,21,0,21
MJ Santner,70,77,4,3,16,370,428,90.9090909090909,6.940540540540541,84,408,492
JP Behrendorff,6,9,0,0,22,379,563,66.66666666666666,8.91292875989446,6,554,560
SC Kuggeleijn,0,0,0,0,2,50,71,,8.52,0,46,46
AS Joseph,27,32,3,0,22,454,707,84.375,9.343612334801762,30,552,582
HF Gurney,1,5,0,0,7,169,239,20.0,8.485207100591715,1,179,180
S Midhun,0,0,0,0,0,13,29,,13.384615384615383,0,0,0
SD Lad,15,13,1,1,0,0,0,115.38461538461536,,18,0,18
R Parag,1173,909,84,60,5,181,307,129.04290429042905,10.176795580110497,1389,127,1516
JL Denly,0,1,0,0,0,0,0,0.0,,-3,0,-3
LS Livingstone,939,609,66,66,11,267,395,154.1871921182266,8.876404494382022,1151,279,1430
Arshdeep Singh,29,42,4,0,84,1453,2097,69.04761904761905,8.659325533379215,33,2104,2137
AJ Turner,24,31,0,2,0,0,0,77.41935483870968,,28,0,28
DW Steyn,167,163,14,3,105,2282,2583,102.45398773006136,6.791411042944786,197,2633,2830
SE Rutherford,106,107,3,8,1,46,60,99.06542056074768,7.826086956521739,133,23,156
Harpreet Brar,233,201,19,9,25,692,907,115.92039800995023,7.864161849710983,280,631,911
Y Prithvi Raj,0,1,0,0,1,33,57,0.0,10.363636363636363,-3,19,16
O Thomas,0,0,0,0,5,63,85,,8.095238095238095,0,129,129
AS Roy,26,24,3,0,6,142,191,108.33333333333331,8.070422535211268,31,154,185
Gurkeerat Singh,511,436,55,11,5,82,97,117.20183486238533,7.097560975609756,598,131,729
S Sandeep Warrier,0,0,0,0,8,176,257,,8.761363636363637,0,204,204
P Simran Singh,756,528,78,41,0,0,0,143.1818181818182,,930,0,930
J Suchith,70,62,6,3,20,434,604,112.90322580645164,8.350230414746544,88,504,592
JL Pattinson,15,13,2,0,11,222,321,115.38461538461536,8.675675675675675,17,279,296
SS Cottrell,0,2,0,0,6,131,177,0.0,8.106870229007635,-3,154,151
Ravi Bishnoi,32,52,2,0,68,1460,1861,61.53846153846154,7.647945205479452,34,1706,1740
A Nortje,49,51,6,0,62,1097,1614,96.07843137254902,8.82771194165907,55,1554,1609
T Banton,18,22,1,1,0,0,0,81.81818181818183,,21,0,21
I Udana,15,11,1,1,8,182,286,136.36363636363637,9.428571428571429,18,202,220
D Padikkal,1559,1323,170,42,0,0,0,117.83824640967498,,1823,0,1823
JO Holder,259,217,13,18,59,1049,1489,119.35483870967742,8.516682554814109,318,1479,1797
YBK Jaiswal,1607,1095,199,64,0,1,6,146.7579908675799,36.0,1948,0,1948
RD Gaikwad,2380,1781,217,91,0,0,0,133.63279056709715,,2791,0,2791
TU Deshpande,21,15,2,1,46,831,1275,140.0,9.205776173285198,25,1152,1177
KL Nagarkoti,22,34,1,0,5,185,287,64.70588235294117,9.308108108108108,23,127,150
Abdul Samad,579,408,37,36,2,55,113,141.91176470588235,12.327272727272728,702,44,746
PK Garg,273,247,16,9,0,0,0,110.5263157894737,,317,0,317
JR Philippe,78,80,9,1,0,0,0,97.5,,93,0,93
Kartik Tyagi,13,16,1,0,16,458,720,81.25,9.43231441048035,14,402,416
JDS Neesham,92,93,6,2,8,222,342,98.9247311827957,9.243243243243244,106,202,308
DR Sams,44,48,1,3,15,389,528,91.66666666666666,8.143958868894602,51,379,430
Shahbaz Ahmed,536,467,28,25,21,549,850,114.77516059957172,9.289617486338798,624,527,1151
AT Carey,32,29,0,1,0,0,0,110.34482758620688,,36,0,36
N Jagadeesan,162,155,21,2,0,0,0,104.51612903225806,,197,0,197
JR Hazlewood,19,29,1,0,36,622,830,65.51724137931035,8.006430868167202,20,908,928
CJ Green,0,0,0,0,0,17,24,,8.470588235294118,0,0,0
MR Marsh,665,532,48,38,37,593,803,125.0,8.1247892074199,801,929,1730
P Dubey,23,33,2,0,1,67,91,69.6969696969697,8.149253731343284,25,21,46
Monu Kumar,0,0,0,0,0,16,20,,7.5,0,0,0
KA Jamieson,65,55,5,3,9,179,271,118.1818181818182,9.083798882681563,82,227,309
M Jansen,66,71,5,2,22,487,732,92.95774647887325,9.018480492813142,79,552,631
RM Patidar,799,534,51,54,0,0,0,149.625468164794,,972,0,972
C Sakariya,20,31,3,0,20,460,610,64.51612903225806,7.956521739130435,23,506,529
M Shahrukh Khan,553,413,35,37,0,12,16,133.89830508474577,8.0,674,0,674
JA Richardson,17,27,2,0,3,94,162,62.96296296296296,10.340425531914894,19,69,88
RP Meredith,0,3,0,0,21,415,621,0.0,8.978313253012047,-3,529,526
Lalit Yadav,305,301,27,7,11,294,430,101.32890365448506,8.775510204081632,356,279,635
Virat Singh,15,26,1,0,0,0,0,57.692307692307686,,16,0,16
LI Meriwala,0,0,0,0,1,19,32,,10.105263157894738,0,25,25
Jalaj S Saxena,0,0,0,0,0,18,27,,9.0,0,0,0
FA Allen,14,19,1,0,2,91,136,73.68421052631578,8.967032967032967,15,46,61
KW Richardson,36,39,2,1,21,345,479,92.3076923076923,8.330434782608696,40,529,569
DJ Malan,26,26,1,1,0,0,0,100.0,,31,0,31
KS Bharat,199,168,12,8,0,0,0,118.45238095238096,,237,0,237
PWH de Silva,72,80,7,1,36,557,758,90.0,8.165170556552964,85,904,989
VR Iyer,1326,1000,121,61,3,84,145,132.6,10.357142857142858,1581,69,1650
Umran Malik,23,16,1,2,31,519,785,143.75,9.07514450867052,28,777,805
Akash Singh,0,0,0,0,5,141,227,,9.659574468085106,0,127,127
GD Phillips,65,55,3,6,2,31,40,118.1818181818182,7.741935483870967,86,48,134
AK Markram,995,787,73,35,2,123,173,126.4294790343075,8.439024390243903,1150,46,1196
GHS Garton,2,4,0,0,3,97,136,50.0,8.412371134020617,2,71,73
K Yadav,0,4,0,0,2,54,85,0.0,9.444444444444445,-3,44,41
T Shamsi,2,4,0,0,3,120,185,50.0,9.25,2,69,71
NT Ellis,19,26,0,1,19,365,514,73.07692307692307,8.449315068493151,21,479,500
RV Patel,80,76,6,2,0,20,22,105.26315789473684,6.6,96,0,96
TL Seifert,26,26,4,0,0,0,0,100.0,,32,0,32
Anmolpreet Singh,139,117,19,3,0,0,0,118.8034188034188,,174,0,174
Anuj Rawat,318,276,26,14,0,0,0,115.21739130434784,,382,0,382
IC Porel,0,0,0,0,1,26,42,,9.692307692307692,0,25,25
AU Rashid,22,17,2,1,2,60,91,129.41176470588235,9.1,26,44,70
TH David,659,417,38,46,0,0,0,158.0335731414868,,803,0,803
DP Conway,924,669,100,30,0,0,0,138.11659192825113,,1096,0,1096
Tilak Varma,1156,830,90,58,0,23,28,139.27710843373492,7.304347826086956,1374,0,1374
R Powell,360,254,21,28,1,21,35,141.73228346456693,10.0,451,25,476
OF Smith,51,50,1,5,7,95,179,102.0,11.305263157894736,68,177,245
Akash Deep,19,12,2,1,8,175,324,158.33333333333331,11.108571428571429,23,202,225
PBB Rajapaksa,277,201,22,15,0,0,0,137.81094527363186,,341,0,341
RA Bawa,11,14,1,0,0,0,0,78.57142857142857,,12,0,12
A Badoni,634,505,46,24,2,25,37,125.54455445544556,8.879999999999999,740,50,790
PVD Chameera,43,32,3,3,11,297,442,134.375,8.929292929292929,56,279,335
MS Wade,183,185,23,2,0,0,0,98.91891891891892,,218,0,218
Mohsin Khan,25,27,2,1,27,507,698,92.5925925925926,8.2603550295858,29,679,708
A Manohar,231,181,21,10,0,0,0,127.6243093922652,,284,0,284
R Shepherd,115,68,7,10,6,133,260,169.11764705882354,11.729323308270676,156,152,308
D Pretorius,44,28,3,3,7,166,242,157.14285714285714,8.74698795180723,59,179,238
Mukesh Choudhary,6,6,1,0,16,298,452,100.0,9.100671140939598,7,402,409
JM Sharma,730,501,53,45,0,0,0,145.70858283433134,,887,0,887
VG Arora,9,17,0,0,20,418,598,52.94117647058824,8.583732057416267,9,504,513
D Brevis,230,176,17,16,1,3,8,130.6818181818182,16.0,291,25,316
DG Nalkande,12,12,0,1,6,89,150,100.0,10.112359550561797,14,152,166
B Sai Sudharsan,1034,770,95,32,0,0,0,134.28571428571428,,1205,0,1205
M Theekshana,7,7,0,1,25,631,814,100.0,7.740095087163232,9,631,640
Ramandeep Singh,170,106,8,13,6,45,64,160.37735849056605,8.533333333333333,218,154,372
HE van der Dussen,22,25,2,0,0,0,0,88.0,,24,0,24
KR Sen,0,3,0,0,14,255,396,0.0,9.31764705882353,-3,352,349
SS Prabhudessai,126,113,11,4,0,0,0,111.50442477876106,,155,0,155
Yash Dayal,0,1,0,0,31,615,933,0.0,9.102439024390245,-3,777,774
Shashank Singh,423,272,33,25,1,19,25,155.51470588235296,7.894736842105264,520,25,545
Aman Hakim Khan,115,109,8,6,0,6,13,105.50458715596328,13.0,145,0,145
OC McCoy,8,5,0,1,11,180,255,160.0,8.5,10,279,289
HR Shokeen,66,67,9,0,5,213,320,98.50746268656717,9.014084507042254,79,127,206
R Dhawan,210,188,18,7,27,693,922,111.70212765957446,7.982683982683983,252,681,933
DJ Mitchell,351,274,28,10,1,51,97,128.1021897810219,11.411764705882351,411,19,430
B Indrajith,21,31,2,0,0,0,0,67.74193548387096,,23,0,23
Harshit Rana,2,3,0,0,27,403,590,66.66666666666666,8.784119106699752,2,679,681
K Kartikeya,9,13,1,0,10,241,334,69.23076923076923,8.315352697095436,10,254,264
Simarjeet Singh,7,8,0,0,10,193,265,87.5,8.238341968911918,7,254,261
SA Abbott,22,18,1,2,1,59,104,122.22222222222224,10.576271186440678,27,19,46
Fazalhaq Farooqi,3,13,0,0,6,162,229,23.07692307692308,8.481481481481481,3,154,157
KS Sharma,16,25,1,0,0,0,0,64.0,,17,0,17
R Sai Kishore,13,6,0,2,13,191,259,216.66666666666663,8.136125654450263,17,329,346
T Stubbs,405,239,26,26,4,25,29,169.4560669456067,6.959999999999999,497,104,601
PH Solanki,0,0,0,0,2,36,39,,6.5,0,50,50
M Pathirana,0,0,0,0,38,503,617,,7.359840954274354,0,956,956
R Sanjay Yadav,0,2,0,0,0,14,23,0.0,9.857142857142856,-3,0,-3
A Tomar,4,8,1,0,0,0,0,50.0,,5,0,5
PN Mankad,97,75,13,2,0,0,0,129.33333333333331,,122,0,122
J Little,0,0,0,0,13,236,341,,8.669491525423728,0,329,329
RS Hangargekar,0,0,0,0,3,43,60,,8.372093023255813,0,71,71
Sikandar Raza,182,143,12,8,3,88,146,127.27272727272728,9.954545454545457,222,69,291
Rahmanullah Gurbaz,289,228,24,19,0,0,0,126.75438596491227,,363,0,363
KR Mayers,379,276,38,22,0,46,59,137.31884057971016,7.695652173913043,473,-2,471
Mukesh Kumar,10,20,0,0,31,420,707,50.0,10.1,10,777,787
RR Rossouw,473,321,45,25,0,0,0,147.35202492211835,,582,0,582
HC Brook,190,159,23,4,0,0,0,119.49685534591194,,231,0,231
NA Saini,0,0,0,0,0,15,35,,14.0,0,0,0
RJW Topley,3,6,0,0,5,107,182,50.0,10.205607476635514,3,127,130
C Green,707,472,62,32,20,462,675,149.78813559322032,8.766233766233766,847,504,1351
MG Bracewell,58,49,6,1,6,66,95,118.36734693877553,8.636363636363637,72,154,226
N Wadhera,350,261,32,18,0,12,13,134.09961685823754,6.5,430,0,430
Arshad Khan,96,67,5,6,6,153,282,143.28358208955223,11.058823529411764,123,152,275
Yash Thakur,0,0,0,0,27,432,702,,9.75,0,677,677
Abishek Porel,360,244,37,15,0,0,0,147.54098360655738,,441,0,441
Dhruv Jurel,347,237,29,16,0,0,0,146.41350210970467,,422,0,422
Suyash Sharma,0,0,0,0,11,264,381,,8.659090909090908,0,279,279
SSB Magala,0,0,0,0,1,37,52,,8.432432432432432,0,21,21
MW Short,117,99,15,4,0,25,25,118.1818181818182,6.0,150,0,150
Mohit Rathee,1,2,0,0,0,12,29,50.0,14.5,1,0,1
WD Parnell,65,86,4,1,40,758,968,75.5813953488372,7.662269129287599,75,1006,1081
YV Dhull,16,23,1,0,0,0,0,69.56521739130434,,17,0,17
Vijaykumar Vyshak,14,13,0,1,17,243,396,107.6923076923077,9.77777777777778,16,427,443
Yudhvir Singh,22,16,1,2,4,74,125,137.5,10.135135135135137,27,98,125
Atharva Taide,247,177,27,8,0,1,4,139.54802259887003,24.0,302,0,302
Harpreet Singh,123,119,10,3,0,0,0,103.36134453781514,,149,0,149
Arjun Tendulkar,13,9,0,1,4,83,117,144.44444444444443,8.457831325301205,15,100,115
D Jansen,0,0,0,0,1,28,53,,11.357142857142856,0,25,25
Noor Ahmad,13,18,2,0,24,513,672,72.22222222222221,7.859649122807017,15,606,621
Naveen-ul-Haq,18,26,2,0,26,407,602,69.23076923076923,8.874692874692876,20,654,674
Liton Das,4,4,1,0,0,0,0,100.0,,5,0,5
PD Salt,653,385,74,34,0,0,0,169.6103896103896,,809,0,809
Mayank Dagar,0,1,0,0,2,138,205,0.0,8.91304347826087,-3,46,43
Abdul Basith,1,1,0,0,0,0,0,100.0,,1,0,1
D Wiese,148,105,12,7,17,307,447,140.95238095238096,8.736156351791532,188,429,617
Gurnoor Brar,0,0,0,0,0,21,42,,12.0,0,0,0
AJ Hosein,16,11,1,1,1,24,41,145.45454545454547,10.25,19,25,44
Akash Madhwal,4,5,0,0,22,279,431,80.0,9.268817204301076,4,552,556
R Goyal,0,0,0,0,0,24,34,,8.5,0,0,0
Vivrant Sharma,69,49,9,2,0,21,37,140.81632653061226,10.571428571428571,92,0,92
JE Root,10,15,1,0,0,12,15,66.66666666666666,7.5,11,0,11
MD Shanaka,26,26,2,1,0,0,0,100.0,,32,0,32
Sanvir Singh,25,22,2,1,0,0,0,113.63636363636364,,31,0,31
Nithish Kumar Reddy,303,221,15,21,4,118,208,137.10407239819006,10.576271186440678,372,98,470
H Sharma,0,0,0,0,0,30,62,,12.4,0,-6,-6
R Ravindra,222,146,22,12,0,12,7,152.05479452054794,3.5,282,0,282
SD Hope,183,125,12,12,0,0,0,146.4,,233,0,233
Sumit Kumar,18,26,2,1,0,22,38,69.23076923076923,10.363636363636363,22,0,22
MA Starc,105,109,11,0,59,879,1175,96.3302752293578,8.020477815699659,124,1479,1603
N Burger,0,0,0,0,7,105,152,,8.685714285714285,0,179,179
L Wood,9,3,0,1,1,38,94,300.0,14.842105263157896,11,19,30
SZ Mulani,1,1,0,0,0,33,57,100.0,10.363636363636363,1,-6,-5
Azmatullah Omarzai,42,34,2,2,4,131,194,123.52941176470588,8.885496183206108,52,100,152
Naman Dhir,140,84,12,10,0,29,55,166.66666666666669,11.379310344827587,186,0,186
G Coetzee,14,22,0,1,13,216,357,63.63636363636363,9.916666666666666,16,327,343
SH Johnson,6,7,1,0,4,99,155,85.71428571428571,9.393939393939394,7,98,105
Sameer Rizvi,51,43,4,2,0,0,0,118.6046511627907,,65,0,65
KT Maphaka,0,0,0,0,1,39,90,,13.846153846153848,0,19,19
M Siddharth,0,0,0,0,1,58,72,,7.448275862068966,0,23,23
MP Yadav,0,0,0,0,8,76,88,,6.947368421052632,0,208,208
SB Dubey,33,21,3,2,0,0,0,157.14285714285714,,46,0,46
A Raghuvanshi,163,109,16,8,0,0,0,149.54128440366972,,209,0,209
Ashutosh Sharma,189,118,10,15,0,0,0,160.16949152542372,,243,0,243
Saurav Chauhan,18,16,1,1,0,0,0,112.5,,21,0,21
Kumar Kushagra,3,7,0,0,0,0,0,42.85714285714285,,3,0,3
BR Sharath,2,5,0,0,0,0,0,40.0,,2,0,2
KA Maharaj,1,2,0,0,2,36,39,50.0,6.5,1,50,51
WG Jacks,230,133,16,18,2,55,100,172.93233082706766,10.90909090909091,296,44,340
J Fraser-McGurk,330,150,32,28,0,0,0,220.00000000000003,,432,0,432
Tanush Kotian,24,32,3,0,0,0,0,75.0,,27,0,27
Arshad Khan (2),5,4,1,0,0,13,25,125.0,11.53846153846154,6,0,6
S Joseph,0,0,0,0,0,30,51,,10.2,0,-6,-6
N Thushara,0,0,0,0,8,172,259,,9.034883720930232,0,202,202
LB Williams,1,2,0,0,1,42,74,50.0,10.571428571428571,1,19,20
AA Kulkarni,9,8,2,0,0,0,0,112.5,,11,0,11
RJ Gleeson,2,2,0,0,1,51,72,100.0,8.470588235294118,2,21,23
MJ Suthar,1,2,0,0,0,12,26,50.0,13.0,1,0,1
A Kamboj,2,2,0,0,2,68,115,100.0,10.147058823529411,2,44,46
Gulbadin Naib,19,15,1,1,0,6,12,126.66666666666666,12.0,22,0,22
D Ferreira,8,11,0,0,0,0,0,72.72727272727273,,8,0,8
V Viyaskanth,7,5,0,0,1,60,90,140.0,9.0,7,21,28
V Kaverappa,0,0,0,0,2,24,36,,9.0,0,50,50
T Kohler-Cadmore,48,54,7,1,0,0,0,88.88888888888889,,57,0,57
Shivam Singh,2,3,0,0,0,0,0,66.66666666666666,,2,0,2
SC Ganguly,1349,1326,137,42,12,280,370,101.73453996983407,7.928571428571429,1580,306,1886
AA Noffke,9,12,1,0,1,25,41,75.0,9.84,10,25,35
RT Ponting,91,129,5,2,0,0,0,70.54263565891473,,104,0,104
JH Kallis,2427,2291,255,44,74,1799,2348,105.93627237014404,7.831017231795442,2780,1856,4636
SB Joshi,6,16,0,0,1,55,82,37.5,8.945454545454545,6,21,27
DJ Hussey,1322,1101,90,60,10,323,485,120.07266121707538,9.009287925696594,1544,252,1796
CL White,971,774,76,38,1,46,86,125.45219638242897,11.217391304347826,1135,19,1154
Mohammad Hafeez,64,84,7,2,2,63,71,76.19047619047619,6.761904761904762,79,50,129
R Dravid,2174,1918,269,28,0,0,0,113.34723670490096,,2509,0,2509
W Jaffer,130,129,14,3,0,0,0,100.7751937984496,,160,0,160
AB Agarkar,179,160,13,5,33,820,1174,111.875,8.590243902439026,212,829,1041
MV Boucher,394,318,32,13,0,0,0,123.89937106918238,,464,0,464
B Akhil,76,57,5,5,7,193,246,133.33333333333331,7.647668393782384,99,181,280
LR Shukla,405,358,33,16,17,326,458,113.12849162011172,8.429447852760736,480,429,909
B Lee,124,102,8,8,30,916,1126,121.5686274509804,7.375545851528384,160,756,916
ML Hayden,1107,839,121,44,0,0,0,131.94278903456495,,1328,0,1328
S Sreesanth,34,57,6,0,43,947,1221,59.64912280701754,7.736008447729672,40,1081,1121
MEK Hussey,1977,1648,198,52,0,0,0,119.96359223300972,,2289,0,2289
JR Hopes,417,314,49,11,14,369,562,132.80254777070064,9.138211382113822,500,352,852
K Goel,218,239,17,9,0,67,94,91.21338912133892,8.417910447761194,261,-4,257
WA Mota,56,76,2,0,4,75,98,73.68421052631578,7.84,62,102,164
JDP Oram,106,110,6,5,13,244,362,96.36363636363636,8.901639344262296,130,329,459
S Badrinath,1441,1245,154,28,0,0,0,115.7429718875502,,1661,0,1661
KC Sangakkara,1687,1424,195,27,0,0,0,118.4691011235955,,1946,0,1946
M Muralitharan,20,30,1,0,67,1581,1765,66.66666666666666,6.698292220113852,21,1683,1704
P Amarnath,0,0,0,0,7,132,241,,10.954545454545457,0,177,177
Joginder Sharma,36,30,1,2,13,272,421,120.0,9.286764705882351,43,327,370
SM Katich,241,191,26,8,0,0,0,126.1780104712042,,295,0,295
T Kohli,11,20,0,1,0,0,0,55.00000000000001,,13,0,13
GD McGrath,4,5,1,0,14,329,366,80.0,6.674772036474164,5,358,363
B Geeves,0,0,0,0,2,49,91,,11.142857142857144,0,44,44
M Kaif,259,258,22,6,0,0,0,100.3875968992248,,303,0,303
MF Maharoof,177,124,12,9,33,441,532,142.74193548387098,7.238095238095238,221,831,1052
DS Lehmann,18,19,3,0,0,0,0,94.73684210526316,,21,0,21
M Rawat,55,70,4,1,0,0,0,78.57142857142857,,65,0,65
DL Vettori,121,118,11,2,34,785,894,102.54237288135592,6.83312101910828,146,858,1004
D Salunkhe,33,24,5,0,1,51,80,137.5,9.411764705882351,42,19,61
SK Warne,198,219,14,6,60,1223,1465,90.41095890410958,7.187244480784955,232,1506,1738
SK Trivedi,42,61,3,1,73,1557,1944,68.85245901639344,7.491329479768786,47,1831,1878
V Sehwag,2728,1833,334,106,6,138,236,148.82705946535734,10.26086956521739,3288,152,3440
L Ronchi,34,37,6,1,0,0,0,91.8918918918919,,42,0,42
ST Jayasuriya,768,573,84,39,16,301,396,134.03141361256544,7.893687707641196,942,406,1348
DJ Thornely,39,54,2,2,3,44,40,72.22222222222221,5.454545454545455,45,75,120
PR Shah,92,97,9,2,0,0,0,94.84536082474226,,109,0,109
AM Nayar,672,588,55,20,9,239,323,114.28571428571428,8.10878661087866,777,229,1006
SM Pollock,147,116,12,8,13,280,307,126.72413793103448,6.578571428571429,187,333,520
S Chanderpaul,25,33,4,0,0,0,0,75.75757575757575,,29,0,29
LRPL Taylor,1017,847,66,46,0,13,24,120.07083825265644,11.076923076923078,1187,0,1187
AC Gilchrist,2069,1555,239,92,1,1,0,133.05466237942122,0.0,2504,25,2529
Y Venugopal Rao,985,865,77,37,7,222,338,113.8728323699422,9.135135135135137,1146,177,1323
VVS Laxman,282,271,33,5,0,0,0,104.0590405904059,,335,0,335
A Symonds,974,781,74,41,23,540,694,124.71190781049935,7.711111111111111,1142,581,1723
M Kartik,113,109,7,1,39,1182,1418,103.6697247706422,7.197969543147208,132,981,1113
SB Styris,131,134,10,3,9,222,278,97.76119402985076,7.513513513513513,155,231,386
AS Yadav,49,40,5,2,0,0,0,122.5,,62,0,62
SB Bangar,49,58,1,3,6,153,221,84.48275862068965,8.666666666666666,56,154,210
WPUJC Vaas,81,73,2,3,22,288,364,110.95890410958904,7.583333333333333,95,556,651
RP Singh,52,78,2,1,100,1874,2417,66.66666666666666,7.738527214514408,60,2506,2566
PP Ojha,16,45,0,0,99,1945,2399,35.55555555555556,7.40051413881748,12,2481,2493
DPMD Jayawardene,1808,1522,200,40,0,0,0,118.7910643889619,,2098,0,2098
Pankaj Singh,7,12,0,0,11,311,472,58.333333333333336,9.106109324758842,7,277,284
S Sohal,368,311,34,18,0,0,0,118.32797427652731,,448,0,448
Kamran Akmal,128,78,13,8,0,0,0,164.1025641025641,,171,0,171
Mohammad Asif,3,6,0,0,9,199,307,50.0,9.256281407035177,3,227,230
VY Mahesh,15,28,0,0,22,359,511,53.57142857142857,8.540389972144846,15,554,569
Shahid Afridi,81,46,7,6,9,185,237,176.08695652173913,7.686486486486487,110,231,341
VS Yeligati,2,2,0,0,0,32,61,100.0,11.4375,2,-6,-4
MA Khote,24,22,2,1,2,30,52,109.09090909090908,10.4,30,44,74
GC Smith,739,691,94,9,0,0,0,106.9464544138929,,861,0,861
D Kalyankrishna,3,8,0,0,2,50,88,37.5,10.56,3,44,47
RR Sarwan,73,78,6,1,0,0,0,93.5897435897436,,85,0,85
VRV Singh,4,3,1,0,16,371,549,133.33333333333331,8.878706199460916,5,404,409
Sohail Tanvir,36,31,3,1,24,265,275,116.12903225806453,6.226415094339623,43,608,651
A Kumble,35,49,3,0,49,983,1089,71.42857142857143,6.646998982706002,38,1233,1271
DNT Zoysa,11,9,1,0,2,69,100,122.22222222222224,8.695652173913043,12,46,58
SD Chitnis,99,92,10,2,2,38,62,107.6086956521739,9.789473684210527,119,44,163
Shoaib Malik,52,49,5,0,2,58,87,106.12244897959184,9.0,63,46,109
TM Srivastava,8,11,0,0,0,0,0,72.72727272727273,,8,0,8
B Chipli,280,256,28,7,0,6,20,109.375,20.0,332,0,332
JA Morkel,975,712,61,55,96,1807,2409,136.938202247191,7.998893193137797,1158,2406,3564
DB Das,304,267,23,16,0,0,0,113.85767790262172,,369,0,369
CRD Fernando,4,3,0,0,19,249,306,133.33333333333331,7.373493975903615,4,481,485
HH Gibbs,886,837,83,31,0,0,0,105.8542413381123,,1041,0,1041
Gagandeep Singh,0,0,0,0,3,84,142,,10.142857142857142,0,69,69
SA Asnodkar,423,352,56,10,0,0,0,120.17045454545456,,511,0,511
Umar Gul,39,19,1,5,14,153,198,205.26315789473685,7.764705882352941,50,356,406
Salman Butt,193,172,30,2,0,0,0,112.2093023255814,,237,0,237
BJ Hodge,1400,1153,122,43,18,238,310,121.42237640936686,7.815126050420169,1620,456,2076
SP Fleming,196,171,27,3,0,0,0,114.61988304093566,,239,0,239
S Vidyut,145,115,21,3,1,13,22,126.08695652173914,10.153846153846157,184,25,209
M Ntini,11,19,2,0,8,213,257,57.89473684210527,7.23943661971831,13,206,219
LPC Silva,40,27,5,1,0,6,21,148.14814814814815,21.0,53,0,53
DB Ravi Teja,375,325,35,9,1,18,28,115.38461538461536,9.333333333333334,438,25,463
Misbah-ul-Haq,117,82,10,6,0,0,0,142.6829268292683,,153,0,153
DP Vijaykumar,1,1,0,0,4,159,205,100.0,7.735849056603773,1,102,103
YV Takawale,192,183,26,3,0,0,0,104.91803278688523,,234,0,234
RR Raje,20,18,1,1,7,144,214,111.11111111111111,8.916666666666666,23,179,202
DT Patil,13,13,1,0,0,0,0,100.0,,14,0,14
S Anirudha,136,121,9,7,0,0,0,112.39669421487604,,169,0,169
L Balaji,36,50,2,1,85,1574,2083,72.0,7.940279542566709,40,2131,2171
CK Kapugedera,16,24,0,0,0,17,49,66.66666666666666,17.294117647058822,16,0,16
A Chopra,53,75,7,0,0,0,0,70.66666666666667,,64,0,64
T Taibu,31,26,3,0,0,0,0,119.23076923076924,,36,0,36
J Arunkumar,23,24,5,0,0,0,0,95.83333333333334,,28,0,28
SR Tendulkar,2334,2044,296,29,0,37,59,114.18786692759296,9.567567567567568,2698,-6,2692
U Kaul,0,1,0,0,0,0,0,0.0,,-3,0,-3
AD Mascarenhas,79,79,5,1,19,310,365,100.0,7.064516129032258,92,481,573
TM Dilshan,1153,1047,140,24,5,275,368,110.12416427889208,8.02909090909091,1351,129,1480
NK Patel,121,124,14,1,0,0,0,97.58064516129032,,145,0,145
LA Pomersbach,302,251,25,13,0,0,0,120.3187250996016,,365,0,365
Shoaib Akhtar,2,8,0,0,5,46,54,25.0,7.0434782608695645,2,131,133
Younis Khan,3,7,0,0,0,0,0,42.85714285714285,,3,0,3
RR Powar,67,64,6,1,15,443,538,104.6875,7.286681715575622,81,381,462
PM Sarvesh Kumar,1,2,0,0,1,31,42,50.0,8.129032258064516,1,21,22
Abdur Razzak,0,2,0,0,0,14,29,0.0,12.428571428571429,-3,0,-3
H Das,2,5,0,0,0,0,0,40.0,,2,0,2
A Nel,0,0,0,0,1,18,31,,10.333333333333334,0,25,25
A Mukund,19,23,1,0,0,0,0,82.6086956521739,,20,0,20
BAW Mendis,3,6,0,0,9,248,306,50.0,7.403225806451612,3,231,234
T Thushara,12,19,0,0,10,144,164,63.1578947368421,6.833333333333333,12,258,270
A Flintoff,62,57,5,2,2,66,106,108.7719298245614,9.636363636363637,77,44,121
JD Ryder,604,466,69,19,11,241,314,129.6137339055794,7.817427385892117,723,281,1004
KP Pietersen,1001,758,91,40,9,180,218,132.05804749340368,7.266666666666667,1184,231,1415
Kamran Khan,3,5,0,0,14,177,248,60.0,8.40677966101695,3,354,357
T Henderson,11,16,0,1,1,36,41,68.75,6.833333333333333,13,25,38
RS Bopara,531,468,39,16,13,213,301,113.46153846153844,8.47887323943662,612,329,941
DP Nannes,4,13,0,0,38,689,815,30.76923076923077,7.097242380261249,4,956,960
AM Salvi,0,0,0,0,7,156,205,,7.884615384615385,0,181,181
YA Abdulla,0,1,0,0,15,222,311,0.0,8.405405405405405,-3,379,376
VS Malik,7,7,1,0,6,212,268,100.0,7.584905660377358,8,156,164
FH Edwards,4,5,0,0,6,150,160,80.0,6.4,4,158,162
Harmeet Singh,18,12,3,0,31,574,747,150.0,7.808362369337979,21,781,802
R Bishnoi,19,17,1,2,0,0,0,111.76470588235294,,24,0,24
PC Valthaty,505,432,61,20,7,153,207,116.89814814814814,8.117647058823529,616,179,795
RJ Quiney,103,105,12,3,0,0,0,98.09523809523807,,129,0,129
AS Raut,194,172,13,7,0,30,45,112.7906976744186,9.0,231,-4,227
Yashpal Singh,47,67,5,0,0,0,0,70.1492537313433,,52,0,52
RR Bose,0,0,0,0,0,12,24,,12.0,0,0,0
KP Appanna,2,4,0,0,11,222,291,50.0,7.864864864864865,2,281,283
M Manhas,514,486,43,10,0,42,42,105.76131687242798,6.0,587,0,587
Shoaib Ahmed,1,6,0,0,5,103,154,16.666666666666664,8.970873786407767,1,129,130
AA Bilakhia,69,88,5,0,0,0,0,78.4090909090909,,78,0,78
AN Ghosh,7,8,1,0,0,0,0,87.5,,8,0,8
RE van der Merwe,159,144,11,8,25,455,515,110.41666666666669,6.791208791208792,196,633,829
MN van Wyk,167,135,19,1,0,0,0,123.7037037037037,,200,0,200
TL Suman,676,587,55,26,7,152,198,115.1618398637138,7.815789473684211,793,181,974
S Tyagi,3,4,0,0,6,220,304,75.0,8.290909090909091,3,154,157
GR Napier,15,16,1,0,1,24,28,93.75,7.0,16,25,41
SM Harwood,9,14,0,0,3,67,74,64.28571428571429,6.626865671641792,9,75,84
LA Carseldine,81,71,11,0,1,7,6,114.08450704225352,5.142857142857142,98,25,123
D du Preez,10,13,0,0,4,43,56,76.92307692307693,7.813953488372093,10,102,112
RJ Harris,117,112,6,3,47,865,1085,104.46428571428572,7.526011560693642,139,1181,1320
A Singh,2,10,0,0,31,486,639,20.0,7.888888888888889,2,781,783
M Morkel,126,93,11,5,88,1699,2136,135.48387096774192,7.543260741612713,159,2206,2365
A Mithun,34,26,4,1,8,312,477,130.76923076923077,9.173076923076923,44,202,246
C Nanda,0,1,0,0,2,50,58,0.0,6.959999999999999,-3,50,47
SS Sarkar,0,0,0,0,1,25,34,,8.16,0,25,25
J Botha,409,364,39,5,27,709,818,112.36263736263736,6.922425952045134,468,683,1151
Mashrafe Mortaza,2,2,0,0,1,28,59,100.0,12.642857142857142,2,25,27
GJ Bailey,663,552,59,19,0,0,0,120.1086956521739,,772,0,772
AB McDonald,123,103,9,4,14,188,263,119.41747572815532,8.393617021276595,150,354,504
Y Nagar,285,271,20,9,4,72,125,105.1660516605166,10.416666666666666,333,98,431
CK Langeveldt,8,9,0,1,13,165,199,88.88888888888889,7.236363636363636,10,331,341
SS Shaikh,6,7,1,0,0,0,0,85.71428571428571,,7,0,7
Mohammad Ashraful,2,12,0,0,0,0,0,16.666666666666664,,2,0,2
RA Shaikh,0,0,0,0,0,6,11,,11.0,0,0,0
Jaskaran Singh,8,11,0,0,6,111,174,72.72727272727273,9.405405405405403,8,152,160
CA Pujara,390,403,50,4,0,0,0,96.7741935483871,,456,0,456
OA Shah,506,405,34,23,0,0,0,124.93827160493828,,598,0,598
Anirudh Singh,63,69,6,1,0,0,0,91.30434782608695,,75,0,75
SW Tait,23,26,1,1,26,534,668,88.46153846153845,7.50561797752809,26,656,682
A Uniyal,4,7,0,0,3,38,67,57.14285714285714,10.578947368421051,4,69,73
AA Jhunjhunwala,217,218,19,5,1,88,130,99.54128440366972,8.863636363636363,254,21,275
R Sathish,270,236,22,6,6,144,233,114.40677966101696,9.708333333333334,314,152,466
R McLaren,159,178,14,1,14,372,558,89.32584269662921,9.0,183,354,537
AG Murtaza,10,14,1,0,12,269,322,71.42857142857143,7.182156133828996,11,306,317
P Dogra,127,141,4,5,0,0,0,90.0709219858156,,149,0,149
MS Bisla,798,737,93,23,0,0,0,108.27679782903662,,947,0,947
RS Gavaskar,2,8,0,0,0,6,8,25.0,8.0,2,0,2
JM Kemp,26,25,1,1,3,47,58,104.0,7.404255319148937,31,73,104
S Ladda,0,10,0,0,5,141,225,0.0,9.574468085106384,-3,127,124
SE Bond,1,2,0,0,9,191,225,50.0,7.068062827225131,1,231,232
MJ Lumb,278,198,45,6,0,0,0,140.4040404040404,,349,0,349
DR Martyn,19,26,1,0,0,0,0,73.07692307692307,,20,0,20
S Narwal,37,29,6,0,6,113,203,127.58620689655172,10.778761061946904,47,152,199
SJ Srivastava,5,5,0,0,15,306,444,100.0,8.705882352941176,5,379,384
AB Barath,42,43,5,1,0,0,0,97.67441860465117,,49,0,49
FY Fazal,183,179,22,1,1,12,20,102.23463687150836,10.0,217,25,242
AC Voges,181,143,15,3,1,56,76,126.5734265734266,8.142857142857142,214,21,235
MD Mishra,237,213,24,8,0,0,0,111.26760563380284,,287,0,287
R Sharma,66,77,5,3,42,935,1100,85.71428571428571,7.0588235294117645,81,1056,1137
J Theron,10,13,1,0,13,235,311,76.92307692307693,7.940425531914894,11,331,342
NLTC Perera,424,326,23,26,37,715,1031,130.06134969325154,8.651748251748252,511,929,1440
KB Arun Karthik,51,53,4,1,0,0,0,96.22641509433964,,61,0,61
KAJ Roach,10,9,1,0,0,52,80,111.11111111111111,9.230769230769232,11,-6,5
PD Collingwood,203,159,9,13,5,90,101,127.67295597484276,6.733333333333333,250,133,383
C Ganapathy,0,0,0,0,0,6,13,,13.0,0,0,0
MB Parmar,0,0,0,0,0,19,33,,10.421052631578949,0,0,0
SB Wagh,2,3,0,0,5,108,147,66.66666666666666,8.166666666666666,2,129,131
DE Bollinger,21,23,1,1,43,600,716,91.30434782608695,7.16,24,1081,1105
AP Dole,34,23,3,1,5,73,114,147.82608695652172,9.36986301369863,45,127,172
AN Ahmed,36,27,4,1,15,362,515,133.33333333333331,8.535911602209945,46,379,425
L Ablish,0,2,0,0,5,45,76,0.0,10.133333333333333,-3,127,124
RS Sodhi,4,2,1,0,0,0,0,200.0,,5,0,5
S Sriram,31,38,3,0,0,18,49,81.57894736842105,16.333333333333332,34,0,34
B Sumanth,35,38,3,0,0,0,0,92.10526315789474,,38,0,38
C Madan,15,21,3,0,0,0,0,71.42857142857143,,18,0,18
AG Paunikar,49,61,9,0,0,0,0,80.32786885245902,,58,0,58
ND Doshi,0,13,0,0,2,57,79,0.0,8.31578947368421,-3,46,43
S Randiv,2,4,0,0,8,180,223,50.0,7.433333333333334,2,206,208
AL Menaria,401,367,24,18,3,113,144,109.26430517711172,7.646017699115045,471,73,544
AUK Pathan,39,26,5,2,0,41,63,150.0,9.219512195121952,54,-6,48
RV Gomez,50,53,5,1,6,97,130,94.33962264150944,8.041237113402062,61,154,215
UBT Chand,300,314,32,9,0,0,0,95.54140127388536,,358,0,358
JEC Franklin,327,309,25,9,9,155,225,105.8252427184466,8.70967741935484,380,229,609
DJ Jacobs,92,101,10,4,0,0,0,91.0891089108911,,114,0,114
AC Thomas,20,19,1,1,16,327,416,105.26315789473684,7.63302752293578,23,406,429
Sunny Singh,43,31,6,1,0,0,0,138.70967741935485,,55,0,55
NJ Rimmington,1,1,0,0,0,18,20,100.0,6.666666666666667,1,0,1
RN ten Doeschate,326,238,26,15,3,83,94,136.9747899159664,6.795180722891566,394,75,469
BA Bhatt,6,7,0,1,13,303,408,85.71428571428571,8.07920792079208,8,329,337
JJ van der Wath,18,17,1,1,3,76,134,105.88235294117648,10.578947368421051,21,69,90
R Ninan,3,6,0,0,3,36,65,50.0,10.833333333333334,3,69,72
TD Paine,10,29,0,0,0,0,0,34.48275862068966,,6,0,6
DH Yagnik,170,142,23,2,0,0,0,119.71830985915491,,207,0,207
BJ Haddin,18,11,2,1,0,0,0,163.63636363636363,,22,0,22
J Syed Mohammad,29,27,4,0,10,196,286,107.40740740740742,8.755102040816327,35,254,289
NL McCullum,26,23,0,1,0,30,35,113.04347826086956,7.0,30,-2,28
JE Taylor,3,4,0,0,6,122,167,75.0,8.213114754098362,3,154,157
KMDN Kulasekara,5,3,1,0,6,107,122,166.66666666666669,6.841121495327103,6,158,164
TR Birt,75,59,9,2,0,0,0,127.1186440677966,,96,0,96
M Klinger,73,78,9,0,0,0,0,93.5897435897436,,86,0,86
P Parameswaran,1,3,0,0,9,159,226,33.33333333333333,8.528301886792454,1,229,230
AC Blizzard,120,91,21,2,0,0,0,131.86813186813183,,157,0,157
I Malhotra,7,4,1,0,0,6,23,175.0,23.0,8,0,8
CJ Ferguson,98,119,9,0,0,0,0,82.35294117647058,,111,0,111
AA Kazi,0,0,0,0,1,13,21,,9.692307692307692,0,25,25
Anand Rajan,0,0,0,0,10,162,206,,7.62962962962963,0,256,256
P Prasanth,0,0,0,0,0,6,18,,18.0,0,0,0
Y Gnaneswara Rao,19,18,3,0,0,6,7,105.55555555555556,7.0,22,0,22
AA Chavan,12,11,2,0,8,255,339,109.09090909090908,7.976470588235294,14,206,220
S Rana,91,82,9,1,0,16,18,110.97560975609755,6.75,108,0,108
SS Mundhe,0,0,0,0,1,7,6,,5.142857142857142,0,25,25
RW Price,0,0,0,0,0,18,33,,11.0,0,0,0
RE Levi,83,74,10,4,0,0,0,112.16216216216218,,107,0,107
M de Lange,1,2,0,0,6,116,171,50.0,8.844827586206897,1,154,155
KK Cooper,116,70,9,8,36,600,789,165.71428571428572,7.89,155,906,1061
DAJ Bracewell,12,9,1,0,3,25,32,133.33333333333331,7.68,13,75,88
DJ Harris,111,103,11,5,0,18,26,107.76699029126212,8.666666666666666,142,0,142
TP Sudhindra,0,0,0,0,1,74,137,,11.108108108108109,0,19,19
GB Hogg,22,22,1,0,25,466,585,100.0,7.532188841201716,25,631,656
RR Bhatkal,0,2,0,0,0,12,35,0.0,17.5,-3,0,-3
P Awana,5,14,0,0,43,774,1046,35.714285714285715,8.108527131782946,5,1079,1084
V Pratap Singh,0,1,0,0,12,211,300,0.0,8.530805687203792,-3,304,301
CJ McKay,8,15,0,0,1,42,60,53.333333333333336,8.571428571428571,8,21,29
A Ashish Reddy,280,196,16,15,19,270,400,142.85714285714286,8.88888888888889,340,479,819
N Saini,140,143,16,0,0,0,0,97.9020979020979,,164,0,164
Azhar Mahmood,388,311,39,13,31,552,707,124.7588424437299,7.684782608695652,465,781,1246
A Chandila,4,7,0,0,11,234,245,57.14285714285714,6.282051282051282,4,283,287
LJ Wright,106,63,16,3,2,75,125,168.25396825396825,10.0,142,44,186
RJ Peterson,32,32,3,1,3,48,70,100.0,8.75,39,71,110
R Shukla,19,23,2,0,7,130,217,82.6086956521739,10.015384615384615,21,177,198
BB Samantray,125,116,13,2,0,0,0,107.7586206896552,,152,0,152
MJ Clarke,98,96,12,0,3,66,72,102.08333333333331,6.545454545454546,116,75,191
BW Hilfenhaus,0,0,0,0,23,390,497,,7.6461538461538465,0,581,581
AP Majumdar,87,77,7,2,0,0,0,112.987012987013,,104,0,104
PA Reddy,164,167,15,2,0,0,0,98.20359281437123,,191,0,191
K Upadhyay,12,9,0,1,0,56,81,133.33333333333331,8.678571428571429,14,-4,10
Sunny Gupta,0,1,0,0,0,19,47,0.0,14.842105263157896,-3,0,-3
MC Juneja,125,134,11,1,0,0,0,93.28358208955224,,146,0,146
MDKJ Perera,14,13,3,0,0,0,0,107.6923076923077,,17,0,17
BMAJ Mendis,23,27,0,0,1,30,36,85.18518518518519,7.2,23,23,46
R Rampaul,51,52,3,2,17,278,319,98.07692307692308,6.884892086330935,62,433,495
SMSM Senanayake,10,17,0,0,9,195,211,58.82352941176471,6.492307692307692,10,233,243
BJ Rohrer,193,146,21,5,0,7,12,132.1917808219178,10.285714285714285,236,0,236
IC Pandey,0,2,0,0,19,469,609,0.0,7.791044776119403,-3,481,478
CM Gautam,169,158,17,6,0,0,0,106.9620253164557,,208,0,208
X Thalaivan Sargunam,10,17,0,0,0,0,0,58.82352941176471,,10,0,10
DJG Sammy,295,251,15,18,14,244,354,117.52988047808766,8.704918032786885,356,354,710
P Suyal,0,0,0,0,2,107,154,,8.63551401869159,0,46,46
PV Tambe,18,39,1,0,28,674,866,46.15384615384615,7.70919881305638,17,706,723
Parvez Rasool,17,20,1,0,4,200,273,85.0,8.19,18,100,118
UA Birla,7,15,1,0,0,0,0,46.66666666666666,,8,0,8
MG Neser,0,0,0,0,0,25,62,,14.88,0,0,0
NJ Maddinson,20,21,4,0,0,0,0,95.23809523809524,,24,0,24
BR Dunk,40,36,7,0,0,0,0,111.11111111111111,,49,0,49
Shivam Sharma,5,3,1,0,4,114,165,166.66666666666669,8.68421052631579,6,100,106
VH Zol,29,26,3,1,0,0,0,111.53846153846156,,36,0,36
K Santokie,0,0,0,0,3,51,91,,10.705882352941176,0,69,69
BE Hendricks,1,3,0,0,11,157,239,33.33333333333333,9.13375796178344,1,277,278
JW Hastings,0,0,0,0,3,61,66,,6.491803278688525,0,75,75
Karanveer Singh,12,17,1,0,14,213,323,70.58823529411765,9.098591549295774,13,352,365
DJ Muthuswami,1,3,0,0,4,84,108,33.33333333333333,7.714285714285714,1,102,103
RG More,2,2,0,0,1,37,63,100.0,10.216216216216216,2,19,21
GS Sandhu,0,0,0,0,1,48,86,,10.75,0,19,19
P Sahu,19,13,1,1,3,107,152,146.15384615384613,8.52336448598131,22,71,93
KJ Abbott,13,8,0,1,2,102,182,162.5,10.705882352941176,15,44,59
PSP Handscomb,6,12,0,0,0,0,0,50.0,,6,0,6
SM Boland,0,0,0,0,3,43,56,,7.813953488372093,0,73,73
UT Khawaja,127,105,14,3,0,0,0,120.95238095238096,,159,0,159
F Behardien,14,13,2,0,0,0,0,107.6923076923077,,16,0,16
ER Dwivedi,24,15,2,2,0,0,0,160.0,,30,0,30
